{
    "name": "base",
    "builds": {
        "base-core": {
            "jsfiles": [
                "BaseCore.js"
            ]
        },
        "base-observable": {
            "jsfiles": [
                "BaseObservable.js"
            ]
        },
        "base-base": {
            "jsfiles": [
                "Base.js"
            ]
        },
        "base-build": {
            "jsfiles": [
                "BaseBuild.js"
            ]
        },
        "base-pluginhost": {
            "jsfiles": [
                "BasePluginHost.js"
            ]
        }
    }
}
